{"cameraMode":{"drawMode":0,"name":"Shaded","section":"Shading Mode"},"sceneLighting":true,"audioPlay":false,"sceneViewState":{"m_AlwaysRefresh":false,"showFog":true,"showSkybox":true,"showFlares":true,"showImageEffects":true,"showParticleSystems":true,"showVisualEffectGraphs":true,"m_FxEnabled":true},"in2DMode":false,"pivot":{"x":1443.5648193359375,"y":199.1556854248047,"z":-197.91958618164063},"rotation":{"x":0.044702135026454929,"y":0.9527145028114319,"z":-0.24561090767383576,"w":0.17334868013858796},"size":0.1550200879573822,"orthographic":false}